puml_path|return_code|stderr
C:\Users\ramsh\OneDrive\Desktop\Sunder_Extraction\VbNet_Extractor\output\uml\components\cboEmployeeProxy_e2613605.puml|200|"Error line 29 in file: C:\Users\ramsh\OneDrive\Desktop\Sunder_Extraction\VbNet_Extractor\output\uml\components\cboEmployeeProxy_e2613605.puml
Some diagram description contains errors"
C:\Users\ramsh\OneDrive\Desktop\Sunder_Extraction\VbNet_Extractor\output\uml\components\cbsDistMgrProxy_5a03532b.puml|200|"Error line 189 in file: C:\Users\ramsh\OneDrive\Desktop\Sunder_Extraction\VbNet_Extractor\output\uml\components\cbsDistMgrProxy_5a03532b.puml
Some diagram description contains errors"
C:\Users\ramsh\OneDrive\Desktop\Sunder_Extraction\VbNet_Extractor\output\uml\components\cbsEmployeeTransProxy_9e02e447.puml|200|"Error line 88 in file: C:\Users\ramsh\OneDrive\Desktop\Sunder_Extraction\VbNet_Extractor\output\uml\components\cbsEmployeeTransProxy_9e02e447.puml
Some diagram description contains errors"
C:\Users\ramsh\OneDrive\Desktop\Sunder_Extraction\VbNet_Extractor\output\uml\components\cbsEnvironmentTrans_bc2cf63f.puml|200|"Error line 29 in file: C:\Users\ramsh\OneDrive\Desktop\Sunder_Extraction\VbNet_Extractor\output\uml\components\cbsEnvironmentTrans_bc2cf63f.puml
Some diagram description contains errors"
C:\Users\ramsh\OneDrive\Desktop\Sunder_Extraction\VbNet_Extractor\output\uml\components\cbsETimeCapture_e9489fb3.puml|200|"Error line 30 in file: C:\Users\ramsh\OneDrive\Desktop\Sunder_Extraction\VbNet_Extractor\output\uml\components\cbsETimeCapture_e9489fb3.puml
Some diagram description contains errors"
C:\Users\ramsh\OneDrive\Desktop\Sunder_Extraction\VbNet_Extractor\output\uml\components\cdAccrualBankMgr_2e9dc681.puml|200|"Error line 129 in file: C:\Users\ramsh\OneDrive\Desktop\Sunder_Extraction\VbNet_Extractor\output\uml\components\cdAccrualBankMgr_2e9dc681.puml
Some diagram description contains errors"
C:\Users\ramsh\OneDrive\Desktop\Sunder_Extraction\VbNet_Extractor\output\uml\components\cdColPdProxy_f1236644.puml|200|"Error line 183 in file: C:\Users\ramsh\OneDrive\Desktop\Sunder_Extraction\VbNet_Extractor\output\uml\components\cdColPdProxy_f1236644.puml
Some diagram description contains errors"
C:\Users\ramsh\OneDrive\Desktop\Sunder_Extraction\VbNet_Extractor\output\uml\components\cdRulesProxy_a1cdfde1.puml|200|"Error line 115 in file: C:\Users\ramsh\OneDrive\Desktop\Sunder_Extraction\VbNet_Extractor\output\uml\components\cdRulesProxy_a1cdfde1.puml
Some diagram description contains errors"
C:\Users\ramsh\OneDrive\Desktop\Sunder_Extraction\VbNet_Extractor\output\uml\components\cdWorkGroupTransProxy_4a7bff17.puml|200|"Error line 99 in file: C:\Users\ramsh\OneDrive\Desktop\Sunder_Extraction\VbNet_Extractor\output\uml\components\cdWorkGroupTransProxy_4a7bff17.puml
Some diagram description contains errors"
C:\Users\ramsh\OneDrive\Desktop\Sunder_Extraction\VbNet_Extractor\output\uml\components\CExRecordset_da2b6735.puml|200|"Error line 278 in file: C:\Users\ramsh\OneDrive\Desktop\Sunder_Extraction\VbNet_Extractor\output\uml\components\CExRecordset_da2b6735.puml
Some diagram description contains errors"
C:\Users\ramsh\OneDrive\Desktop\Sunder_Extraction\VbNet_Extractor\output\uml\components\cuSPMCacheProxy_95def06b.puml|200|"Error line 11 in file: C:\Users\ramsh\OneDrive\Desktop\Sunder_Extraction\VbNet_Extractor\output\uml\components\cuSPMCacheProxy_95def06b.puml
Some diagram description contains errors"
